<publishData>
  <publishTarget publishUrl="ftp://cloud.broobu.com/facade/services/broobu/monitordisco">
    <file relUrl="Web.config" publishTime="09/14/2014 17:55:44" />
    <file relUrl="bin/Wulka.pdb" publishTime="09/16/2014 02:56:52" />
    <file relUrl="bin/NLog.xml" publishTime="07/20/2014 18:33:02" />
    <file relUrl="bin/Broobu.MonitorDisco.Service.dll" publishTime="10/04/2014 00:06:18" />
    <file relUrl="monitordisco.svc" publishTime="09/05/2014 18:05:32" />
    <file relUrl="bin/Broobu.MonitorDisco.Contract.pdb" publishTime="10/04/2014 00:05:59" />
    <file relUrl="bin/Newtonsoft.Json.xml" publishTime="09/07/2014 10:28:28" />
    <file relUrl="bin/Broobu.MonitorDisco.Contract.dll" publishTime="10/04/2014 00:05:59" />
    <file relUrl="bin/NLog.config" publishTime="07/20/2014 18:15:01" />
    <file relUrl="bin/Broobu.MonitorDisco.Service.pdb" publishTime="10/04/2014 00:06:18" />
    <file relUrl="NLog.config" publishTime="07/20/2014 18:15:01" />
    <file relUrl="Broobu.MonitorDisco.Service.MonitorDiscoSentry.svc" publishTime="10/04/2014 00:18:33" />
    <file relUrl="bin/Broobu.MonitorDisco.Business.dll" publishTime="10/04/2014 00:06:17" />
    <file relUrl="bin/Broobu.MonitorDisco.Service.dll.config" publishTime="09/14/2014 17:55:44" />
    <file relUrl="bin/Broobu.Fx.UI.dll" publishTime="10/04/2014 00:05:57" />
    <file relUrl="bin/NLog.dll" publishTime="07/20/2014 18:33:02" />
    <file relUrl="Broobu.MonitorDisco.Service.Publish.xml" publishTime="09/14/2014 22:17:52" />
    <file relUrl="bin/Newtonsoft.Json.dll" publishTime="09/07/2014 10:28:28" />
    <file relUrl="bin/Wulka.dll" publishTime="09/16/2014 02:56:52" />
    <file relUrl="bin/Iris.Fx.pdb" publishTime="08/13/2014 09:06:35" />
    <file relUrl="bin/Broobu.Fx.UI.pdb" publishTime="10/04/2014 00:05:57" />
    <file relUrl="bin/Iris.Fx.dll" publishTime="08/13/2014 09:06:35" />
    <file relUrl="bin/Broobu.MonitorDisco.Business.pdb" publishTime="10/04/2014 00:06:16" />
  </publishTarget>
  <publishTarget publishUrl="http://localhost/soa/monitordisco">
    <file relUrl="Web.config" publishTime="08/07/2014 08:49:36" />
    <file relUrl="bin/Wulka.pdb" publishTime="09/12/2014 10:31:00" />
    <file relUrl="bin/NLog.xml" publishTime="07/20/2014 18:33:02" />
    <file relUrl="bin/Broobu.MonitorDisco.Service.dll" publishTime="09/12/2014 10:41:26" />
    <file relUrl="monitordisco.svc" publishTime="09/05/2014 18:05:32" />
    <file relUrl="bin/Broobu.MonitorDisco.Contract.pdb" publishTime="09/12/2014 10:38:30" />
    <file relUrl="bin/Newtonsoft.Json.xml" publishTime="09/07/2014 10:28:28" />
    <file relUrl="bin/Broobu.MonitorDisco.Contract.dll" publishTime="09/12/2014 10:38:30" />
    <file relUrl="bin/NLog.config" publishTime="07/20/2014 18:15:01" />
    <file relUrl="bin/Broobu.MonitorDisco.Service.pdb" publishTime="09/12/2014 10:41:26" />
    <file relUrl="NLog.config" publishTime="07/20/2014 18:15:01" />
    <file relUrl="Broobu.MonitorDisco.Service.MonitorDiscoSentry.svc" publishTime="09/12/2014 10:41:27" />
    <file relUrl="bin/Broobu.MonitorDisco.Business.dll" publishTime="09/12/2014 10:38:40" />
    <file relUrl="bin/Broobu.MonitorDisco.Service.dll.config" publishTime="08/07/2014 08:49:36" />
    <file relUrl="bin/Broobu.Fx.UI.dll" publishTime="09/12/2014 10:35:31" />
    <file relUrl="bin/NLog.dll" publishTime="07/20/2014 18:33:02" />
    <file relUrl="Broobu.MonitorDisco.Service.Publish.xml" publishTime="09/12/2014 10:41:18" />
    <file relUrl="bin/Newtonsoft.Json.dll" publishTime="09/07/2014 10:28:28" />
    <file relUrl="bin/Wulka.dll" publishTime="09/12/2014 10:31:00" />
    <file relUrl="bin/Broobu.Fx.UI.pdb" publishTime="09/12/2014 10:35:31" />
    <file relUrl="bin/Broobu.MonitorDisco.Business.pdb" publishTime="09/12/2014 10:38:40" />
  </publishTarget>
</publishData>