<publishData>
  <publishTarget publishUrl="http://localhost/soa/disco">
    <file relUrl="Web.config" publishTime="10/06/2014 15:13:16" />
    <file relUrl="bin/Wulka.pdb" publishTime="10/06/2014 15:08:58" />
    <file relUrl="bin/NLog.xml" publishTime="09/05/2014 14:26:23" />
    <file relUrl="bin/Broobu.Disco.Service.dll.config" publishTime="10/06/2014 15:13:16" />
    <file relUrl="bin/Broobu.Disco.Business.pdb" publishTime="10/06/2014 15:08:59" />
    <file relUrl="cloudcontract.svc" publishTime="09/05/2014 18:05:29" />
    <file relUrl="Broobu.Disco.Service.Publish.xml" publishTime="10/06/2014 15:13:22" />
    <file relUrl="bin/Newtonsoft.Json.xml" publishTime="09/07/2014 10:28:28" />
    <file relUrl="disco.svc" publishTime="09/05/2014 18:05:30" />
    <file relUrl="Broobu.Disco.Service.DiscoSentry.svc" publishTime="10/06/2014 15:13:30" />
    <file relUrl="Broobu.Disco.Service.AppContractSentry.svc" publishTime="10/06/2014 15:13:30" />
    <file relUrl="bin/Broobu.Disco.Business.dll" publishTime="10/06/2014 15:08:59" />
    <file relUrl="bin/Wulka.dll" publishTime="10/06/2014 15:08:58" />
    <file relUrl="bin/NLog.dll" publishTime="09/05/2014 14:26:23" />
    <file relUrl="bin/Broobu.Disco.Service.pdb" publishTime="10/06/2014 15:13:30" />
    <file relUrl="bin/Newtonsoft.Json.dll" publishTime="09/07/2014 10:28:28" />
    <file relUrl="NLog.config" publishTime="07/20/2014 18:14:50" />
    <file relUrl="bin/NLog.config" publishTime="07/20/2014 18:14:50" />
    <file relUrl="bin/Broobu.Disco.Service.dll" publishTime="10/06/2014 15:13:30" />
    <file relUrl="bin/App.config" publishTime="10/06/2014 15:13:16" />
    <file relUrl="Broobu.Disco.Service.CloudContractSentry.svc" publishTime="10/06/2014 15:13:30" />
  </publishTarget>
  <publishTarget publishUrl="ftp://www.broobu.com/facade/services/broobu/disco">
    <file relUrl="Web.config" publishTime="09/14/2014 18:55:11" />
    <file relUrl="bin/Wulka.pdb" publishTime="10/04/2014 00:04:35" />
    <file relUrl="bin/NLog.xml" publishTime="09/05/2014 14:26:23" />
    <file relUrl="bin/Broobu.Disco.Service.dll.config" publishTime="09/14/2014 18:55:11" />
    <file relUrl="bin/Broobu.Disco.Business.pdb" publishTime="10/04/2014 00:04:37" />
    <file relUrl="cloudcontract.svc" publishTime="09/05/2014 18:05:29" />
    <file relUrl="bin/Iris.Fx.pdb" publishTime="08/13/2014 09:06:35" />
    <file relUrl="bin/Newtonsoft.Json.xml" publishTime="09/07/2014 10:28:28" />
    <file relUrl="bin/Iris.Fx.dll" publishTime="08/13/2014 09:06:35" />
    <file relUrl="disco.svc" publishTime="09/05/2014 18:05:30" />
    <file relUrl="Broobu.Disco.Service.DiscoSentry.svc" publishTime="10/04/2014 00:18:02" />
    <file relUrl="Broobu.Disco.Service.Publish.xml" publishTime="09/15/2014 07:05:01" />
    <file relUrl="Broobu.Disco.Service.AppContractSentry.svc" publishTime="10/04/2014 00:18:02" />
    <file relUrl="bin/Broobu.Disco.Business.dll" publishTime="10/04/2014 00:04:37" />
    <file relUrl="bin/Wulka.dll" publishTime="10/04/2014 00:04:35" />
    <file relUrl="bin/NLog.dll" publishTime="09/05/2014 14:26:23" />
    <file relUrl="bin/Broobu.Disco.Service.pdb" publishTime="10/04/2014 00:06:12" />
    <file relUrl="bin/Newtonsoft.Json.dll" publishTime="09/07/2014 10:28:28" />
    <file relUrl="NLog.config" publishTime="07/20/2014 18:14:50" />
    <file relUrl="bin/NLog.config" publishTime="07/20/2014 18:14:50" />
    <file relUrl="bin/Broobu.Disco.Service.dll" publishTime="10/04/2014 00:06:12" />
    <file relUrl="bin/App.config" publishTime="09/14/2014 18:55:11" />
    <file relUrl="Broobu.Disco.Service.CloudContractSentry.svc" publishTime="10/04/2014 00:18:02" />
  </publishTarget>
  <publishTarget publishUrl="http://cloud.tropus.be/services/broobu/disco">
    <file relUrl="Web.config" publishTime="12/29/2013 00:08:50" />
    <file relUrl="bin/Broobu.Disco.Service.dll.config" publishTime="12/29/2013 00:08:50" />
    <file relUrl="bin/App.config" publishTime="12/29/2013 00:08:50" />
    <file relUrl="bin/Broobu.Disco.Business.pdb" publishTime="12/26/2013 00:21:51" />
    <file relUrl="disco.svc" publishTime="12/24/2013 20:02:03" />
    <file relUrl="bin/log4net.dll" publishTime="12/24/2013 20:03:43" />
    <file relUrl="bin/Broobu.Disco.Business.dll" publishTime="12/26/2013 00:21:51" />
    <file relUrl="bin/Broobu.Disco.Service.pdb" publishTime="12/28/2013 23:37:40" />
    <file relUrl="bin/Newtonsoft.Json.dll" publishTime="12/24/2013 20:03:43" />
    <file relUrl="bin/Wulka.dll" publishTime="12/25/2013 15:22:37" />
    <file relUrl="bin/Broobu.Disco.Service.dll" publishTime="12/28/2013 23:37:40" />
    <file relUrl="Broobu.Disco.Service.DiscoService.svc" publishTime="12/29/2013 00:09:10" />
    <file relUrl="Broobu.Disco.Service.Publish.xml" publishTime="12/26/2013 17:46:24" />
  </publishTarget>
  <publishTarget publishUrl="ftp://cloud.broobu.com/facade/services/broobu/disco">
    <file relUrl="Web.config" publishTime="12/26/2013 00:21:48" />
    <file relUrl="bin/Broobu.Disco.Service.dll.config" publishTime="12/26/2013 00:21:48" />
    <file relUrl="bin/App.config" publishTime="12/26/2013 00:21:48" />
    <file relUrl="bin/Broobu.Disco.Business.pdb" publishTime="12/26/2013 00:21:51" />
    <file relUrl="disco.svc" publishTime="12/24/2013 20:02:03" />
    <file relUrl="bin/log4net.dll" publishTime="12/24/2013 20:03:43" />
    <file relUrl="bin/Broobu.Disco.Business.dll" publishTime="12/26/2013 00:21:51" />
    <file relUrl="bin/Broobu.Disco.Service.pdb" publishTime="12/26/2013 00:21:52" />
    <file relUrl="bin/Newtonsoft.Json.dll" publishTime="12/24/2013 20:03:43" />
    <file relUrl="bin/Wulka.dll" publishTime="12/25/2013 15:22:37" />
    <file relUrl="bin/Broobu.Disco.Service.dll" publishTime="12/26/2013 00:21:52" />
    <file relUrl="Broobu.Disco.Service.DiscoService.svc" publishTime="12/26/2013 00:21:53" />
    <file relUrl="Broobu.Disco.Service.Publish.xml" publishTime="12/25/2013 15:02:40" />
  </publishTarget>
</publishData>